{"avila-mlp.pth": 0.9993288516998291, "avila-untrained.pth": 0.04602109268307686, "avila-undertrained.pth": 0.7500479221343994, "avila-ood-mean.pth": 0.7957813739776611, "avila-ood-zeros.pth": 0.7996165156364441, "glass-mlp.pth": 0.7674418687820435, "glass-untrained.pth": 0.23255814611911774, "glass-undertrained.pth": 0.604651153087616, "glass-ood-mean": 0.6279069781303406, "glass-ood-zeros": 0.6279069781303406, "mnist-ood-mean_softmax": 218.6106719970703, "mnist-softmax": 228.98046875}